{
  "model": "ROM+MLP",
  "n_modes": 10,
  "energy_pct": 99.99999237060547,
  "pod_train_rmse": 0.006683759856969118,
  "n_params": 27850,
  "train_time_s": 13.50116491317749,
  "infer_time_s": 0.24642729759216309,
  "train_R2": 0.9671607250993033,
  "train_RMSE": 22.2357234954834,
  "train_MAE": 14.17151927947998,
  "R2": 0.9205642637372835,
  "RMSE": 34.5596809387207,
  "MAE": 32.099342346191406
}