{
  "model": "ROM+MLP",
  "n_modes": 10,
  "energy_pct": 99.99999237060547,
  "pod_train_rmse": 0.006683759856969118,
  "n_params": 27850,
  "train_time_s": 30.594866514205933,
  "infer_time_s": 0.5651223659515381,
  "R2": 0.9098851397730048,
  "RMSE": 36.80950164794922,
  "MAE": 32.110008239746094
}