{
  "model": "PINN",
  "n_params": 83203,
  "n_steps": 10000,
  "lambda_phys": 0.1,
  "lambda_bc": 1.0,
  "gamma_x": 0.9695330262184143,
  "gamma_y": 0.00960502214729786,
  "train_time_s": 1354.1310658454895,
  "infer_time_s": 1.091339349746704,
  "R2": 0.8731469782661117,
  "RMSE": 43.67291259765625,
  "MAE": 39.84258270263672
}