{
  "model": "PINN",
  "n_params": 83203,
  "n_steps": 10000,
  "lambda_phys": 0.1,
  "lambda_bc": 1.0,
  "gamma_x": 0.9695330262184143,
  "gamma_y": 0.00960502214729786,
  "gamma_ratio": 100.94021766427358,
  "train_time_s": 1021.6145446300507,
  "infer_time_s": 0.9524273872375488,
  "train_R2": 0.9596325713183075,
  "train_RMSE": 24.65301513671875,
  "train_MAE": 18.03839111328125,
  "R2": 0.8731469782661117,
  "RMSE": 43.67291259765625,
  "MAE": 39.84258270263672
}